date,location,revenue,model,naive,low_80,high_80,origin
2026-04-16,old-town,2516.96,2415.74,2133.18,2319.35,2777.67,2026-04-15
2026-04-17,old-town,3095.91,2756.11,2895.6,2554.71,3147.45,2026-04-15
2026-04-18,old-town,4073.49,3615.54,4031.74,3340.27,3883.54,2026-04-15
2026-04-19,old-town,3455.85,3592.66,3290.33,3240.09,3766.01,2026-04-15
2026-04-20,old-town,2544.2,2289.59,2165.54,2125.39,2592.68,2026-04-15
2026-04-21,old-town,3029.93,3212.04,2444.92,2680.44,3668.76,2026-04-15
2026-04-22,old-town,3441.85,3182.33,2415.53,2666.49,3773.75,2026-04-15
2026-04-23,old-town,2992.51,3297.27,2133.18,2706.23,3904.25,2026-04-15
2026-04-24,old-town,2781.61,2781.05,2895.6,2478.09,3043.24,2026-04-15
2026-04-25,old-town,3612.48,3649.38,4031.74,3353.82,3973.13,2026-04-15
2026-04-26,old-town,4455.21,3714.89,3290.33,3361.04,3956.47,2026-04-15
2026-04-27,old-town,2328.67,2257.39,2165.54,2163.21,2426.05,2026-04-15
2026-04-28,old-town,2405.95,2385.66,2444.92,2261.75,2725.45,2026-04-15
2026-04-29,old-town,2724.8,2414.38,2415.53,2352.92,2845.9,2026-04-15
2026-04-30,old-town,2462.89,2433.51,2133.18,2304.59,2702.06,2026-04-15
2026-05-01,old-town,2631.3,2620.47,2895.6,2416.26,3017.26,2026-04-15
2026-05-02,old-town,3729.48,3613.51,4031.74,3205.8,3877.34,2026-04-15
2026-05-03,old-town,3487.79,3540.01,3290.33,3350.41,3875.08,2026-04-15
2026-05-04,old-town,2211.7,2201.05,2165.54,2081.12,2373.59,2026-04-15
2026-05-05,old-town,2518.33,2414.88,2444.92,2274.04,2776.65,2026-04-15
2026-05-06,old-town,2577.11,2554.46,2415.53,2411.51,2830.25,2026-04-15
2026-05-07,old-town,2591.4,2359.37,2133.18,2172.81,2649.98,2026-04-15
2026-05-08,old-town,2341.84,2623.57,2895.6,2367.84,2931.03,2026-04-15
2026-05-09,old-town,3633.77,3533.21,4031.74,3328.71,4133.3,2026-04-15
2026-05-10,old-town,3207.83,3435.0,3290.33,3052.28,3854.68,2026-04-15
2026-05-11,old-town,1929.3,2021.02,2165.54,1912.84,2335.39,2026-04-15
2026-05-12,old-town,2486.28,2209.82,2444.92,2119.5,2679.68,2026-04-15
2026-05-13,old-town,2510.56,2417.07,2415.53,2264.22,2698.82,2026-04-15
2026-04-16,riverside,2028.72,2148.64,2209.05,2028.05,2335.12,2026-04-15
2026-04-17,riverside,2288.41,2296.63,2411.78,2080.02,2702.1,2026-04-15
2026-04-18,riverside,3432.66,3404.39,3855.01,3026.66,3767.08,2026-04-15
2026-04-19,riverside,2868.4,3359.25,3887.65,2948.44,3502.06,2026-04-15
2026-04-20,riverside,1643.64,1847.51,2119.05,1712.61,1999.86,2026-04-15
2026-04-21,riverside,1807.33,2022.22,2375.32,1835.34,2375.61,2026-04-15
2026-04-22,riverside,2108.17,2014.72,1984.37,1860.76,2342.38,2026-04-15
2026-04-23,riverside,1931.32,2037.75,2209.05,1908.75,2304.16,2026-04-15
2026-04-24,riverside,2201.01,2295.31,2411.78,2116.52,2354.24,2026-04-15
2026-04-25,riverside,3346.28,3268.57,3855.01,3159.0,3735.86,2026-04-15
2026-04-26,riverside,3030.98,3242.19,3887.65,2989.36,3509.58,2026-04-15
2026-04-27,riverside,1828.67,1811.83,2119.05,1680.72,2006.55,2026-04-15
2026-04-28,riverside,2040.93,2035.87,2375.32,1850.2,2292.2,2026-04-15
2026-04-29,riverside,2192.58,2000.33,1984.37,1844.07,2416.26,2026-04-15
2026-04-30,riverside,2157.9,2038.01,2209.05,1867.78,2421.66,2026-04-15
2026-05-01,riverside,2132.76,2267.85,2411.78,2053.69,2403.95,2026-04-15
2026-05-02,riverside,3118.28,3084.46,3855.01,2845.72,3504.58,2026-04-15
2026-05-03,riverside,3411.33,3033.58,3887.65,2838.62,3588.24,2026-04-15
2026-05-04,riverside,1836.21,1810.6,2119.05,1716.37,2057.48,2026-04-15
2026-05-05,riverside,1864.86,2027.84,2375.32,1841.17,2330.31,2026-04-15
2026-05-06,riverside,2172.95,1995.56,1984.37,1794.09,2298.23,2026-04-15
2026-05-07,riverside,1905.13,2041.22,2209.05,1945.01,2369.63,2026-04-15
2026-05-08,riverside,2478.85,2225.34,2411.78,2101.31,2560.37,2026-04-15
2026-05-09,riverside,3385.28,3055.5,3855.01,2865.42,3594.87,2026-04-15
2026-05-10,riverside,3200.85,3036.12,3887.65,2832.87,3570.8,2026-04-15
2026-05-11,riverside,1791.41,1838.48,2119.05,1726.22,2100.07,2026-04-15
2026-05-12,riverside,2024.76,2151.94,2375.32,1941.17,2498.98,2026-04-15
2026-05-13,riverside,2162.22,2047.42,1984.37,1836.06,2287.72,2026-04-15
2026-04-16,eastgate,1310.85,1442.83,1417.29,1291.45,1636.33,2026-04-15
2026-04-17,eastgate,1373.79,1531.58,1643.02,1347.66,1698.33,2026-04-15
2026-04-18,eastgate,1592.88,1682.04,1689.69,1526.74,1931.09,2026-04-15
2026-04-19,eastgate,1584.19,1690.49,1656.53,1491.15,1935.4,2026-04-15
2026-04-20,eastgate,0.0,0.0,0.0,0.0,0.0,2026-04-15
2026-04-21,eastgate,1471.5,1409.22,1443.56,1259.33,1662.59,2026-04-15
2026-04-22,eastgate,1592.85,1890.2,1457.8,1605.91,2021.59,2026-04-15
2026-04-23,eastgate,1791.5,1569.08,1417.29,1552.63,1893.63,2026-04-15
2026-04-24,eastgate,1923.07,1824.53,1643.02,1589.14,2050.08,2026-04-15
2026-04-25,eastgate,1675.8,1647.28,1689.69,1598.93,1903.75,2026-04-15
2026-04-26,eastgate,1545.0,1716.28,1656.53,1588.64,1984.75,2026-04-15
2026-04-27,eastgate,0.0,0.0,0.0,0.0,0.0,2026-04-15
2026-04-28,eastgate,1348.2,1473.06,1443.56,1293.33,1604.62,2026-04-15
2026-04-29,eastgate,1365.46,1522.76,1457.8,1322.49,1698.02,2026-04-15
2026-04-30,eastgate,1316.87,1376.54,1417.29,1289.56,1487.51,2026-04-15
2026-05-01,eastgate,1362.98,1612.8,1643.02,1424.65,1841.0,2026-04-15
2026-05-02,eastgate,1460.32,1697.57,1689.69,1510.64,1944.23,2026-04-15
2026-05-03,eastgate,1707.5,1750.65,1656.53,1438.55,1871.95,2026-04-15
2026-05-04,eastgate,0.0,0.0,0.0,0.0,0.0,2026-04-15
2026-05-05,eastgate,1688.76,1455.12,1443.56,1270.19,1606.3,2026-04-15
2026-05-06,eastgate,1236.03,1553.17,1457.8,1255.06,1676.08,2026-04-15
2026-05-07,eastgate,1218.84,1367.98,1417.29,1288.73,1640.38,2026-04-15
2026-05-08,eastgate,1501.25,1630.71,1643.02,1403.84,1777.83,2026-04-15
2026-05-09,eastgate,1813.55,1725.07,1689.69,1559.06,1936.11,2026-04-15
2026-05-10,eastgate,1623.12,1706.65,1656.53,1474.88,1920.03,2026-04-15
2026-05-11,eastgate,0.0,0.0,0.0,0.0,0.0,2026-04-15
2026-05-12,eastgate,1160.11,1416.93,1443.56,1283.6,1635.94,2026-04-15
2026-05-13,eastgate,1264.85,1499.21,1457.8,1272.27,1653.92,2026-04-15
2026-04-16,north-hill,1659.66,1583.54,1557.64,1454.34,1793.45,2026-04-15
2026-04-17,north-hill,1578.8,1759.61,1729.34,1496.32,1934.82,2026-04-15
2026-04-18,north-hill,2335.9,2186.27,2587.83,2026.65,2552.78,2026-04-15
2026-04-19,north-hill,2111.35,2268.94,2264.4,2072.97,2581.37,2026-04-15
2026-04-20,north-hill,1203.1,1423.01,1126.56,1219.31,1568.62,2026-04-15
2026-04-21,north-hill,1506.93,1659.29,1547.83,1384.53,1796.66,2026-04-15
2026-04-22,north-hill,1555.85,1549.37,1912.15,1356.06,1723.06,2026-04-15
2026-04-23,north-hill,1341.41,1655.58,1557.64,1386.13,1821.22,2026-04-15
2026-04-24,north-hill,1527.91,1770.78,1729.34,1480.17,1902.59,2026-04-15
2026-04-25,north-hill,2220.09,2203.78,2587.83,2012.64,2321.39,2026-04-15
2026-04-26,north-hill,2149.39,2222.16,2264.4,2015.05,2413.38,2026-04-15
2026-04-27,north-hill,1362.04,1469.48,1126.56,1286.69,1648.96,2026-04-15
2026-04-28,north-hill,1402.36,1554.35,1547.83,1355.5,1734.78,2026-04-15
2026-04-29,north-hill,1619.14,1566.99,1912.15,1293.21,1687.47,2026-04-15
2026-04-30,north-hill,1403.06,1638.79,1557.64,1454.74,1865.13,2026-04-15
2026-05-01,north-hill,1871.47,1697.79,1729.34,1433.56,1886.53,2026-04-15
2026-05-02,north-hill,1938.0,2107.03,2587.83,1934.02,2452.89,2026-04-15
2026-05-03,north-hill,2029.03,2105.93,2264.4,1951.08,2465.97,2026-04-15
2026-05-04,north-hill,1355.97,1456.58,1126.56,1270.79,1609.9,2026-04-15
2026-05-05,north-hill,1729.89,1542.69,1547.83,1308.11,1754.79,2026-04-15
2026-05-06,north-hill,1562.19,1473.57,1912.15,1279.46,1703.12,2026-04-15
2026-05-07,north-hill,1590.3,1579.94,1557.64,1331.52,1827.7,2026-04-15
2026-05-08,north-hill,1647.49,1720.5,1729.34,1448.56,1898.78,2026-04-15
2026-05-09,north-hill,2029.79,2208.55,2587.83,2056.56,2641.62,2026-04-15
2026-05-10,north-hill,2111.65,2164.62,2264.4,2057.5,2466.61,2026-04-15
2026-05-11,north-hill,1193.88,1410.16,1126.56,1227.62,1588.09,2026-04-15
2026-05-12,north-hill,1380.41,1528.56,1547.83,1306.58,1680.4,2026-04-15
2026-05-13,north-hill,1564.87,1581.59,1912.15,1482.11,1854.49,2026-04-15
2026-05-14,old-town,2366.14,2284.13,2591.4,2025.54,2559.27,2026-05-13
2026-05-15,old-town,2862.36,2738.21,2341.84,2512.99,3126.89,2026-05-13
2026-05-16,old-town,3104.61,3562.95,3633.77,3270.58,3794.1,2026-05-13
2026-05-17,old-town,3327.3,3461.3,3207.83,3081.95,3727.14,2026-05-13
2026-05-18,old-town,2044.32,2094.38,1929.3,1864.62,2459.43,2026-05-13
2026-05-19,old-town,2473.02,2489.84,2486.28,2283.59,2836.2,2026-05-13
2026-05-20,old-town,2532.1,2555.9,2510.56,2340.64,2934.78,2026-05-13
2026-05-21,old-town,2297.36,2376.18,2591.4,2261.59,2799.17,2026-05-13
2026-05-22,old-town,2823.22,2727.17,2341.84,2366.12,2919.36,2026-05-13
2026-05-23,old-town,3430.36,3487.26,3633.77,3191.99,3782.51,2026-05-13
2026-05-24,old-town,3493.26,3844.1,3207.83,3379.22,4432.52,2026-05-13
2026-05-25,old-town,1774.96,2249.62,1929.3,2078.17,2802.08,2026-05-13
2026-05-26,old-town,2910.52,3229.07,2486.28,2664.17,3318.67,2026-05-13
2026-05-27,old-town,2426.6,2597.44,2510.56,2298.39,2817.05,2026-05-13
2026-05-28,old-town,2446.46,2573.87,2591.4,2221.77,2698.67,2026-05-13
2026-05-29,old-town,2655.42,2691.83,2341.84,2392.6,2953.73,2026-05-13
2026-05-30,old-town,3455.93,3647.75,3633.77,3210.25,3943.08,2026-05-13
2026-05-31,old-town,3645.89,3375.53,3207.83,3097.66,3644.92,2026-05-13
2026-06-01,old-town,1945.74,2203.66,1929.3,1999.47,2403.99,2026-05-13
2026-06-02,old-town,2250.72,2551.41,2486.28,2165.05,2746.75,2026-05-13
2026-06-03,old-town,2262.55,2613.19,2510.56,2217.54,2737.87,2026-05-13
2026-06-04,old-town,2508.03,2564.2,2591.4,2181.89,2705.82,2026-05-13
2026-06-05,old-town,2908.04,2569.63,2341.84,2312.49,2939.32,2026-05-13
2026-06-06,old-town,3274.55,3508.73,3633.77,3211.94,3783.33,2026-05-13
2026-06-07,old-town,2801.58,3444.58,3207.83,3148.27,3768.21,2026-05-13
2026-06-08,old-town,1852.16,2076.94,1929.3,1875.39,2282.83,2026-05-13
2026-06-09,old-town,2297.26,2471.95,2486.28,2185.93,2826.56,2026-05-13
2026-06-10,old-town,2343.28,2500.53,2510.56,2267.64,2790.61,2026-05-13
2026-05-14,riverside,1996.86,2156.44,1905.13,1809.04,2269.79,2026-05-13
2026-05-15,riverside,2255.07,2298.47,2478.85,2034.53,2637.68,2026-05-13
2026-05-16,riverside,3326.24,3244.68,3385.28,2725.59,3626.34,2026-05-13
2026-05-17,riverside,2984.77,3074.39,3200.85,2635.19,3378.08,2026-05-13
2026-05-18,riverside,1983.09,2193.33,1791.41,1811.44,2256.84,2026-05-13
2026-05-19,riverside,2206.43,2442.22,2024.76,2055.4,2531.55,2026-05-13
2026-05-20,riverside,2226.42,2467.62,2162.22,2106.95,2509.18,2026-05-13
2026-05-21,riverside,1780.48,2056.61,1905.13,1776.02,2193.9,2026-05-13
2026-05-22,riverside,2328.05,2329.17,2478.85,1984.65,2370.17,2026-05-13
2026-05-23,riverside,3550.36,3110.26,3385.28,2662.03,3420.12,2026-05-13
2026-05-24,riverside,3447.46,2824.99,3200.85,2636.5,3149.59,2026-05-13
2026-05-25,riverside,1271.47,1465.56,1791.41,1349.65,1655.4,2026-05-13
2026-05-26,riverside,2149.32,2035.38,2024.76,1796.82,2192.53,2026-05-13
2026-05-27,riverside,2263.35,2057.91,2162.22,1799.59,2239.05,2026-05-13
2026-05-28,riverside,1964.7,2051.5,1905.13,1817.62,2240.97,2026-05-13
2026-05-29,riverside,2211.33,2099.75,2478.85,1857.29,2299.2,2026-05-13
2026-05-30,riverside,2655.33,2969.46,3385.28,2617.69,3258.35,2026-05-13
2026-05-31,riverside,3147.47,2963.99,3200.85,2677.12,3256.06,2026-05-13
2026-06-01,riverside,1610.79,1833.65,1791.41,1652.32,1969.8,2026-05-13
2026-06-02,riverside,2057.96,1891.04,2024.76,1633.47,2022.98,2026-05-13
2026-06-03,riverside,1802.32,2031.97,2162.22,1712.66,2269.98,2026-05-13
2026-06-04,riverside,2109.16,1926.66,1905.13,1611.4,2017.14,2026-05-13
2026-06-05,riverside,2360.26,2218.1,2478.85,1906.39,2340.36,2026-05-13
2026-06-06,riverside,2898.88,3036.83,3385.28,2688.2,3348.4,2026-05-13
2026-06-07,riverside,2821.17,2867.4,3200.85,2538.22,3257.95,2026-05-13
2026-06-08,riverside,1477.74,1800.25,1791.41,1557.25,1974.77,2026-05-13
2026-06-09,riverside,1978.53,1888.23,2024.76,1716.16,2016.11,2026-05-13
2026-06-10,riverside,1930.88,2029.15,2162.22,1692.59,2289.14,2026-05-13
2026-05-14,eastgate,1226.61,1295.26,1218.84,1260.08,1586.61,2026-05-13
2026-05-15,eastgate,1244.39,1455.93,1501.25,1297.6,1649.53,2026-05-13
2026-05-16,eastgate,1619.74,1619.26,1813.55,1406.87,1819.72,2026-05-13
2026-05-17,eastgate,1355.75,1643.78,1623.12,1422.47,1872.36,2026-05-13
2026-05-18,eastgate,0.0,0.0,0.0,0.0,0.0,2026-05-13
2026-05-19,eastgate,1271.1,1278.42,1160.11,1242.12,1593.35,2026-05-13
2026-05-20,eastgate,1242.31,1372.97,1264.85,1315.67,1644.03,2026-05-13
2026-05-21,eastgate,1361.0,1331.25,1218.84,1266.74,1643.1,2026-05-13
2026-05-22,eastgate,1721.29,1725.73,1501.25,1565.34,1979.1,2026-05-13
2026-05-23,eastgate,2013.86,2048.68,1813.55,1664.17,2127.39,2026-05-13
2026-05-24,eastgate,1991.07,1909.12,1623.12,1628.13,1993.73,2026-05-13
2026-05-25,eastgate,0.0,0.0,0.0,0.0,0.0,2026-05-13
2026-05-26,eastgate,1315.83,1314.81,1160.11,1183.0,1505.85,2026-05-13
2026-05-27,eastgate,1345.33,1304.72,1264.85,1183.27,1541.45,2026-05-13
2026-05-28,eastgate,1365.51,1302.06,1218.84,1194.06,1570.43,2026-05-13
2026-05-29,eastgate,1433.38,1432.95,1501.25,1241.2,1750.85,2026-05-13
2026-05-30,eastgate,1541.23,1575.21,1813.55,1320.04,1776.01,2026-05-13
2026-05-31,eastgate,1547.65,1550.01,1623.12,1339.14,1744.48,2026-05-13
2026-06-01,eastgate,0.0,0.0,0.0,0.0,0.0,2026-05-13
2026-06-02,eastgate,1351.57,1330.12,1160.11,1217.48,1597.61,2026-05-13
2026-06-03,eastgate,1299.38,1304.04,1264.85,1151.35,1531.36,2026-05-13
2026-06-04,eastgate,1244.18,1333.04,1218.84,1147.07,1517.09,2026-05-13
2026-06-05,eastgate,1342.83,1421.4,1501.25,1214.57,1647.66,2026-05-13
2026-06-06,eastgate,1442.78,1546.42,1813.55,1329.59,1764.09,2026-05-13
2026-06-07,eastgate,1698.92,1647.37,1623.12,1399.12,1830.41,2026-05-13
2026-06-08,eastgate,0.0,0.0,0.0,0.0,0.0,2026-05-13
2026-06-09,eastgate,1220.93,1314.5,1160.11,1141.83,1551.1,2026-05-13
2026-06-10,eastgate,1382.78,1265.37,1264.85,1116.81,1465.69,2026-05-13
2026-05-14,north-hill,1394.93,1540.94,1590.3,1388.52,1833.72,2026-05-13
2026-05-15,north-hill,1677.73,1660.15,1647.49,1458.92,1940.89,2026-05-13
2026-05-16,north-hill,1979.76,2204.13,2029.79,2123.7,2646.11,2026-05-13
2026-05-17,north-hill,2230.7,2103.56,2111.65,1924.44,2328.63,2026-05-13
2026-05-18,north-hill,1481.4,1459.03,1193.88,1373.96,1792.18,2026-05-13
2026-05-19,north-hill,1984.73,1744.76,1380.41,1584.1,1934.05,2026-05-13
2026-05-20,north-hill,1829.07,1820.61,1564.87,1711.99,2026.79,2026-05-13
2026-05-21,north-hill,1659.09,1506.48,1590.3,1306.61,1715.9,2026-05-13
2026-05-22,north-hill,1542.58,1559.21,1647.49,1348.37,1790.61,2026-05-13
2026-05-23,north-hill,2185.03,2180.51,2029.79,2026.18,2462.55,2026-05-13
2026-05-24,north-hill,2020.74,2069.95,2111.65,1912.81,2338.29,2026-05-13
2026-05-25,north-hill,1032.26,1253.34,1193.88,1045.57,1441.85,2026-05-13
2026-05-26,north-hill,1480.0,1436.6,1380.41,1248.69,1652.78,2026-05-13
2026-05-27,north-hill,1428.94,1531.08,1564.87,1378.16,1797.01,2026-05-13
2026-05-28,north-hill,1376.97,1444.54,1590.3,1273.37,1663.58,2026-05-13
2026-05-29,north-hill,1464.75,1586.53,1647.49,1462.26,1878.28,2026-05-13
2026-05-30,north-hill,1821.38,2070.94,2029.79,1857.9,2265.49,2026-05-13
2026-05-31,north-hill,2004.81,2012.27,2111.65,1747.35,2293.32,2026-05-13
2026-06-01,north-hill,1358.08,1304.29,1193.88,1110.71,1520.61,2026-05-13
2026-06-02,north-hill,1335.95,1464.26,1380.41,1340.3,1733.95,2026-05-13
2026-06-03,north-hill,1358.81,1494.41,1564.87,1353.62,1791.11,2026-05-13
2026-06-04,north-hill,1721.54,1453.03,1590.3,1274.97,1731.68,2026-05-13
2026-06-05,north-hill,1549.28,1578.05,1647.49,1414.16,1899.78,2026-05-13
2026-06-06,north-hill,2218.73,1982.61,2029.79,1803.62,2325.82,2026-05-13
2026-06-07,north-hill,2271.99,1997.06,2111.65,1773.87,2276.43,2026-05-13
2026-06-08,north-hill,1358.39,1321.68,1193.88,1128.3,1570.42,2026-05-13
2026-06-09,north-hill,1581.45,1684.19,1380.41,1447.55,1886.04,2026-05-13
2026-06-10,north-hill,1741.44,1759.82,1564.87,1550.83,1922.12,2026-05-13
2026-06-11,old-town,2367.64,2333.4,2508.03,2193.29,2737.9,2026-06-10
2026-06-12,old-town,2641.84,2514.97,2908.04,2214.34,2893.43,2026-06-10
2026-06-13,old-town,3285.01,3174.97,3274.55,2931.01,3596.13,2026-06-10
2026-06-14,old-town,3634.41,3279.38,2801.58,3008.08,3633.96,2026-06-10
2026-06-15,old-town,1987.89,1948.14,1852.16,1870.98,2249.56,2026-06-10
2026-06-16,old-town,2276.88,2218.59,2297.26,2037.54,2680.32,2026-06-10
2026-06-17,old-town,2514.84,2310.11,2343.28,2174.72,2634.14,2026-06-10
2026-06-18,old-town,2159.49,2171.1,2508.03,1982.82,2547.3,2026-06-10
2026-06-19,old-town,2206.64,2223.34,2908.04,1983.04,2607.09,2026-06-10
2026-06-20,old-town,3360.64,3169.36,3274.55,2878.74,3383.62,2026-06-10
2026-06-21,old-town,3293.46,3057.04,2801.58,2785.83,3436.04,2026-06-10
2026-06-22,old-town,2754.46,2122.96,1852.16,2107.03,2662.51,2026-06-10
2026-06-23,old-town,2709.31,2674.87,2297.26,2539.48,3529.12,2026-06-10
2026-06-24,old-town,3307.73,2771.1,2343.28,2599.18,3231.48,2026-06-10
2026-06-25,old-town,2357.61,2201.02,2508.03,2026.62,2601.41,2026-06-10
2026-06-26,old-town,2349.09,2438.0,2908.04,2230.38,2877.17,2026-06-10
2026-06-27,old-town,3314.88,3143.36,3274.55,2832.46,3398.86,2026-06-10
2026-06-28,old-town,3036.44,3120.69,2801.58,2863.84,3355.5,2026-06-10
2026-06-29,old-town,1935.42,1895.12,1852.16,1755.44,2206.51,2026-06-10
2026-06-30,old-town,2448.6,2311.04,2297.26,2101.65,2667.04,2026-06-10
2026-07-01,old-town,2473.48,2221.35,2343.28,2014.75,2585.22,2026-06-10
2026-07-02,old-town,2260.39,2219.86,2508.03,2036.83,2624.28,2026-06-10
2026-07-03,old-town,2254.77,2257.54,2908.04,2044.7,2561.35,2026-06-10
2026-07-04,old-town,2913.25,2967.5,3274.55,2532.88,3030.37,2026-06-10
2026-07-05,old-town,3622.06,3031.17,2801.58,2725.52,3269.7,2026-06-10
2026-07-06,old-town,2105.65,2088.19,1852.16,1754.71,2306.62,2026-06-10
2026-07-07,old-town,2602.86,2197.25,2297.26,1992.87,2585.65,2026-06-10
2026-07-08,old-town,2038.13,2160.29,2343.28,2002.23,2559.36,2026-06-10
2026-06-11,riverside,1794.08,1938.58,2109.16,1682.72,2094.93,2026-06-10
2026-06-12,riverside,2250.0,2084.76,2360.26,1915.66,2492.16,2026-06-10
2026-06-13,riverside,2956.72,2888.0,2898.88,2750.29,3338.21,2026-06-10
2026-06-14,riverside,2818.54,2772.85,2821.17,2583.75,3348.46,2026-06-10
2026-06-15,riverside,1656.64,1636.14,1477.74,1600.85,1978.46,2026-06-10
2026-06-16,riverside,2173.87,1846.02,1978.53,1787.97,2355.15,2026-06-10
2026-06-17,riverside,2096.52,1905.63,1930.88,1866.04,2403.04,2026-06-10
2026-06-18,riverside,1982.06,1796.91,2109.16,1636.01,2109.01,2026-06-10
2026-06-19,riverside,1854.46,1784.58,2360.26,1607.71,2204.2,2026-06-10
2026-06-20,riverside,2781.51,3046.77,2898.88,2829.86,3439.12,2026-06-10
2026-06-21,riverside,3037.77,2954.88,2821.17,2721.02,3335.76,2026-06-10
2026-06-22,riverside,1731.15,1696.51,1477.74,1325.28,2075.03,2026-06-10
2026-06-23,riverside,1919.06,1911.02,1978.53,1727.44,2322.17,2026-06-10
2026-06-24,riverside,2050.72,1891.9,1930.88,1822.25,2426.98,2026-06-10
2026-06-25,riverside,1869.01,1739.28,2109.16,1607.79,2072.31,2026-06-10
2026-06-26,riverside,2219.99,2092.97,2360.26,1943.4,2393.66,2026-06-10
2026-06-27,riverside,3129.06,2837.87,2898.88,2684.56,3279.75,2026-06-10
2026-06-28,riverside,2408.15,2821.31,2821.17,2633.26,3304.5,2026-06-10
2026-06-29,riverside,1850.91,1499.98,1477.74,1366.11,1903.61,2026-06-10
2026-06-30,riverside,1563.52,1919.53,1978.53,1745.87,2277.58,2026-06-10
2026-07-01,riverside,1873.12,1896.52,1930.88,1660.18,2206.26,2026-06-10
2026-07-02,riverside,2114.95,1805.03,2109.16,1658.35,2105.12,2026-06-10
2026-07-03,riverside,1690.81,1729.82,2360.26,1551.75,2147.08,2026-06-10
2026-07-04,riverside,2572.09,2870.89,2898.88,2589.13,3642.05,2026-06-10
2026-07-05,riverside,3220.69,3236.29,2821.17,2937.19,3975.47,2026-06-10
2026-07-06,riverside,2133.35,1911.45,1477.74,1645.02,2090.5,2026-06-10
2026-07-07,riverside,1682.97,2116.39,1978.53,1775.8,2259.26,2026-06-10
2026-07-08,riverside,2113.11,2077.93,1930.88,1762.56,2218.21,2026-06-10
2026-06-11,eastgate,1246.71,1316.42,1244.18,1153.44,1510.04,2026-06-10
2026-06-12,eastgate,1262.46,1380.1,1342.83,1168.64,1562.27,2026-06-10
2026-06-13,eastgate,1695.19,1537.55,1442.78,1397.45,1816.28,2026-06-10
2026-06-14,eastgate,1506.61,1500.05,1698.92,1217.37,1741.59,2026-06-10
2026-06-15,eastgate,0.0,0.0,0.0,0.0,0.0,2026-06-10
2026-06-16,eastgate,1297.35,1269.33,1220.93,1066.14,1496.36,2026-06-10
2026-06-17,eastgate,1407.32,1270.95,1382.78,1123.13,1457.01,2026-06-10
2026-06-18,eastgate,1292.01,1268.92,1244.18,1062.64,1477.48,2026-06-10
2026-06-19,eastgate,1042.8,1297.94,1342.83,1039.01,1465.28,2026-06-10
2026-06-20,eastgate,1621.43,1501.13,1442.78,1360.88,1837.68,2026-06-10
2026-06-21,eastgate,1768.55,1766.38,1698.92,1651.84,2130.67,2026-06-10
2026-06-22,eastgate,0.0,0.0,0.0,0.0,0.0,2026-06-10
2026-06-23,eastgate,1510.83,1457.98,1220.93,1263.36,1690.19,2026-06-10
2026-06-24,eastgate,1081.04,1257.12,1382.78,1050.09,1452.07,2026-06-10
2026-06-25,eastgate,1310.79,1255.19,1244.18,1050.84,1475.63,2026-06-10
2026-06-26,eastgate,1591.81,1326.78,1342.83,1170.16,1618.2,2026-06-10
2026-06-27,eastgate,1731.65,1571.56,1442.78,1336.75,1786.73,2026-06-10
2026-06-28,eastgate,1761.87,1492.23,1698.92,1329.89,1776.07,2026-06-10
2026-06-29,eastgate,0.0,0.0,0.0,0.0,0.0,2026-06-10
2026-06-30,eastgate,1354.13,1236.67,1220.93,1038.35,1470.35,2026-06-10
2026-07-01,eastgate,1195.74,1253.31,1382.78,1037.74,1446.7,2026-06-10
2026-07-02,eastgate,1281.36,1229.76,1244.18,1084.96,1466.9,2026-06-10
2026-07-03,eastgate,1012.45,1251.86,1342.83,990.07,1375.16,2026-06-10
2026-07-04,eastgate,1187.03,1385.88,1442.78,1137.35,1607.72,2026-06-10
2026-07-05,eastgate,1441.79,1454.96,1698.92,1333.63,1755.71,2026-06-10
2026-07-06,eastgate,0.0,0.0,0.0,0.0,0.0,2026-06-10
2026-07-07,eastgate,1327.16,1253.61,1220.93,1087.78,1470.97,2026-06-10
2026-07-08,eastgate,1274.35,1268.07,1382.78,1055.66,1501.27,2026-06-10
2026-06-11,north-hill,1568.57,1497.79,1721.54,1361.44,1821.81,2026-06-10
2026-06-12,north-hill,1946.23,1553.43,1549.28,1387.95,1808.68,2026-06-10
2026-06-13,north-hill,1915.31,1905.64,2218.73,1818.38,2240.53,2026-06-10
2026-06-14,north-hill,1994.21,2014.47,2271.99,1818.21,2405.76,2026-06-10
2026-06-15,north-hill,1190.78,1313.13,1358.39,1097.69,1511.56,2026-06-10
2026-06-16,north-hill,1337.03,1463.57,1581.45,1421.53,1851.51,2026-06-10
2026-06-17,north-hill,1654.19,1460.42,1741.44,1451.69,1837.82,2026-06-10
2026-06-18,north-hill,1790.77,1379.93,1721.54,1263.37,1689.13,2026-06-10
2026-06-19,north-hill,1274.85,1402.69,1549.28,1070.76,1522.06,2026-06-10
2026-06-20,north-hill,1943.66,1892.72,2218.73,1831.11,2382.89,2026-06-10
2026-06-21,north-hill,1812.56,1941.76,2271.99,1800.64,2244.73,2026-06-10
2026-06-22,north-hill,1255.55,1315.29,1358.39,1061.62,1475.43,2026-06-10
2026-06-23,north-hill,1450.29,1398.58,1581.45,1357.37,1763.29,2026-06-10
2026-06-24,north-hill,1412.51,1375.94,1741.44,1192.68,1667.58,2026-06-10
2026-06-25,north-hill,1506.06,1356.85,1721.54,1094.07,1618.43,2026-06-10
2026-06-26,north-hill,1645.63,1407.0,1549.28,1233.0,1625.41,2026-06-10
2026-06-27,north-hill,2179.28,1702.78,2218.73,1609.19,2061.79,2026-06-10
2026-06-28,north-hill,2074.31,1976.1,2271.99,1813.76,2262.23,2026-06-10
2026-06-29,north-hill,1166.26,1269.27,1358.39,1013.11,1521.41,2026-06-10
2026-06-30,north-hill,1546.11,1375.7,1581.45,1088.56,1565.87,2026-06-10
2026-07-01,north-hill,1470.07,1341.26,1741.44,1091.22,1616.21,2026-06-10
2026-07-02,north-hill,1567.66,1402.44,1721.54,1314.88,1693.3,2026-06-10
2026-07-03,north-hill,1376.24,1345.58,1549.28,1050.32,1511.77,2026-06-10
2026-07-04,north-hill,1552.45,1772.97,2218.73,1404.16,2092.94,2026-06-10
2026-07-05,north-hill,1889.12,2026.65,2271.99,1830.87,2439.53,2026-06-10
2026-07-06,north-hill,1185.77,1315.83,1358.39,1027.87,1493.26,2026-06-10
2026-07-07,north-hill,1346.65,1407.34,1581.45,1358.01,1654.47,2026-06-10
2026-07-08,north-hill,1541.21,1456.57,1741.44,1390.17,1677.97,2026-06-10
2026-07-09,old-town,2289.03,2284.97,2260.39,2076.66,2547.06,2026-07-08
2026-07-10,old-town,2370.14,2590.67,2254.77,2322.78,2868.58,2026-07-08
2026-07-11,old-town,3258.47,3101.27,2913.25,2845.37,3420.0,2026-07-08
2026-07-12,old-town,3092.16,3075.39,3622.06,2983.85,3398.71,2026-07-08
2026-07-13,old-town,1985.71,2116.08,2105.65,1794.58,2293.92,2026-07-08
2026-07-14,old-town,2691.94,2348.28,2602.86,2029.83,2752.49,2026-07-08
2026-07-15,old-town,2308.12,2346.76,2038.13,2124.34,2712.16,2026-07-08
2026-07-16,old-town,2412.11,2264.42,2260.39,2069.43,2411.46,2026-07-08
2026-07-17,old-town,2483.22,2504.74,2254.77,2282.28,2824.12,2026-07-08
2026-07-18,old-town,3249.75,3189.89,2913.25,2900.68,3347.94,2026-07-08
2026-07-19,old-town,3236.2,3258.11,3622.06,2942.83,3471.75,2026-07-08
2026-07-20,old-town,2087.51,2060.29,2105.65,1828.92,2418.26,2026-07-08
2026-07-21,old-town,2565.42,2297.4,2602.86,2060.6,2590.29,2026-07-08
2026-07-22,old-town,2664.66,2499.46,2038.13,2327.97,2925.76,2026-07-08
2026-07-23,old-town,2415.2,2071.72,2260.39,1980.69,2510.3,2026-07-08
2026-07-24,old-town,2669.81,2483.66,2254.77,2157.54,2763.53,2026-07-08
2026-07-25,old-town,3001.42,3154.33,2913.25,2914.07,3407.76,2026-07-08
2026-07-26,old-town,3259.26,3117.15,3622.06,2850.15,3302.49,2026-07-08
2026-07-27,old-town,2200.3,2026.75,2105.65,1858.58,2370.58,2026-07-08
2026-07-28,old-town,2552.06,2291.77,2602.86,2058.24,2579.44,2026-07-08
2026-07-29,old-town,2437.68,2436.45,2038.13,2223.53,2888.48,2026-07-08
2026-07-30,old-town,2572.86,2351.57,2260.39,2066.37,2594.24,2026-07-08
2026-07-31,old-town,2706.87,2488.68,2254.77,2083.74,2705.0,2026-07-08
2026-08-01,old-town,3660.95,3258.61,2913.25,2847.04,3382.34,2026-07-08
2026-08-02,old-town,3431.79,3313.35,3622.06,2992.62,3464.65,2026-07-08
2026-08-03,old-town,2045.3,2167.24,2105.65,1989.95,2299.71,2026-07-08
2026-08-04,old-town,2966.99,2913.31,2602.86,2508.8,3376.05,2026-07-08
2026-08-05,old-town,2331.24,2953.86,2038.13,2581.94,3322.82,2026-07-08
2026-07-09,riverside,1931.53,1913.23,2114.95,1651.86,2114.13,2026-07-08
2026-07-10,riverside,1913.82,2336.93,1690.81,1985.97,2484.96,2026-07-08
2026-07-11,riverside,2817.47,2823.3,2572.09,2628.72,3307.2,2026-07-08
2026-07-12,riverside,2725.83,2770.71,3220.69,2622.1,3167.82,2026-07-08
2026-07-13,riverside,1775.7,1631.9,2133.35,1382.15,1802.82,2026-07-08
2026-07-14,riverside,2043.97,2091.17,1682.97,1808.94,2286.36,2026-07-08
2026-07-15,riverside,1700.92,1964.93,2113.11,1712.68,2118.12,2026-07-08
2026-07-16,riverside,1878.02,1861.16,2114.95,1671.94,2026.07,2026-07-08
2026-07-17,riverside,1960.77,2167.07,1690.81,1817.17,2256.47,2026-07-08
2026-07-18,riverside,3246.94,2910.45,2572.09,2602.5,3131.68,2026-07-08
2026-07-19,riverside,2665.98,2782.48,3220.69,2652.26,3310.92,2026-07-08
2026-07-20,riverside,1885.13,1690.21,2133.35,1477.36,1814.24,2026-07-08
2026-07-21,riverside,1941.84,1925.99,1682.97,1773.47,2098.85,2026-07-08
2026-07-22,riverside,1787.58,1948.8,2113.11,1670.4,2128.83,2026-07-08
2026-07-23,riverside,1857.68,1939.59,2114.95,1673.19,2108.12,2026-07-08
2026-07-24,riverside,1992.34,2134.59,1690.81,1807.23,2268.21,2026-07-08
2026-07-25,riverside,2713.26,2784.09,2572.09,2657.14,3311.58,2026-07-08
2026-07-26,riverside,3015.09,2842.45,3220.69,2514.19,3167.54,2026-07-08
2026-07-27,riverside,1549.38,1658.33,2133.35,1505.03,1916.21,2026-07-08
2026-07-28,riverside,1682.67,1947.85,1682.97,1576.35,2091.94,2026-07-08
2026-07-29,riverside,1932.34,1992.13,2113.11,1704.83,2093.78,2026-07-08
2026-07-30,riverside,1742.7,1999.64,2114.95,1695.4,2145.63,2026-07-08
2026-07-31,riverside,2043.7,2027.46,1690.81,1608.3,2160.73,2026-07-08
2026-08-01,riverside,2853.11,2977.62,2572.09,2531.1,3180.18,2026-07-08
2026-08-02,riverside,2872.0,2964.05,3220.69,2576.44,3336.17,2026-07-08
2026-08-03,riverside,2023.27,1811.61,2133.35,1559.22,2011.88,2026-07-08
2026-08-04,riverside,2041.28,1880.22,1682.97,1495.06,2002.89,2026-07-08
2026-08-05,riverside,2078.53,2054.91,2113.11,1826.73,2302.77,2026-07-08
2026-07-09,eastgate,1126.62,1302.72,1281.36,1057.19,1465.92,2026-07-08
2026-07-10,eastgate,1314.01,1323.58,1012.45,1172.28,1560.52,2026-07-08
2026-07-11,eastgate,1423.79,1567.09,1187.03,1382.83,1781.76,2026-07-08
2026-07-12,eastgate,1606.19,1595.47,1441.79,1340.17,1763.42,2026-07-08
2026-07-13,eastgate,0.0,0.0,0.0,0.0,0.0,2026-07-08
2026-07-14,eastgate,1345.27,1298.83,1327.16,1044.71,1430.06,2026-07-08
2026-07-15,eastgate,1174.37,1273.99,1274.35,1072.14,1527.6,2026-07-08
2026-07-16,eastgate,1012.23,1314.72,1281.36,1069.02,1433.59,2026-07-08
2026-07-17,eastgate,1176.52,1346.95,1012.45,1122.54,1480.49,2026-07-08
2026-07-18,eastgate,1675.5,1540.88,1187.03,1335.11,1745.6,2026-07-08
2026-07-19,eastgate,1462.86,1497.67,1441.79,1425.84,1770.2,2026-07-08
2026-07-20,eastgate,0.0,0.0,0.0,0.0,0.0,2026-07-08
2026-07-21,eastgate,1413.14,1286.95,1327.16,1097.75,1487.68,2026-07-08
2026-07-22,eastgate,1376.1,1280.75,1274.35,1059.32,1435.87,2026-07-08
2026-07-23,eastgate,1256.31,1277.15,1281.36,1093.9,1475.82,2026-07-08
2026-07-24,eastgate,1327.79,1356.28,1012.45,1216.4,1592.52,2026-07-08
2026-07-25,eastgate,1509.39,1538.68,1187.03,1440.56,1788.49,2026-07-08
2026-07-26,eastgate,1554.72,1665.76,1441.79,1474.85,1864.22,2026-07-08
2026-07-27,eastgate,0.0,0.0,0.0,0.0,0.0,2026-07-08
2026-07-28,eastgate,1311.48,1298.33,1327.16,1103.02,1457.31,2026-07-08
2026-07-29,eastgate,1345.94,1302.16,1274.35,1097.35,1471.32,2026-07-08
2026-07-30,eastgate,1396.05,1285.5,1281.36,1102.92,1466.85,2026-07-08
2026-07-31,eastgate,1269.5,1326.34,1012.45,1187.98,1467.72,2026-07-08
2026-08-01,eastgate,1648.98,1583.33,1187.03,1292.43,1752.94,2026-07-08
2026-08-02,eastgate,1529.71,1617.3,1441.79,1334.55,1797.56,2026-07-08
2026-08-03,eastgate,0.0,0.0,0.0,0.0,0.0,2026-07-08
2026-08-04,eastgate,1110.02,1269.34,1327.16,1112.44,1498.04,2026-07-08
2026-08-05,eastgate,1210.97,1298.71,1274.35,1157.96,1502.99,2026-07-08
2026-07-09,north-hill,1763.0,1887.34,1567.66,1634.33,1980.85,2026-07-08
2026-07-10,north-hill,2012.65,1939.3,1376.24,1771.79,2162.69,2026-07-08
2026-07-11,north-hill,2544.66,2331.14,1552.45,2220.67,2472.29,2026-07-08
2026-07-12,north-hill,2125.81,2038.61,1889.12,1880.77,2331.61,2026-07-08
2026-07-13,north-hill,1367.5,1275.42,1185.77,1075.33,1469.48,2026-07-08
2026-07-14,north-hill,1505.67,1340.88,1346.65,1125.29,1535.52,2026-07-08
2026-07-15,north-hill,1461.59,1492.92,1541.21,1350.91,1726.25,2026-07-08
2026-07-16,north-hill,1625.96,1544.6,1567.66,1417.08,1716.01,2026-07-08
2026-07-17,north-hill,1586.55,1506.21,1376.24,1314.74,1736.37,2026-07-08
2026-07-18,north-hill,2052.22,1943.0,1552.45,1765.42,2134.38,2026-07-08
2026-07-19,north-hill,1974.49,1981.58,1889.12,1729.5,2080.41,2026-07-08
2026-07-20,north-hill,1325.85,1222.0,1185.77,1044.73,1521.34,2026-07-08
2026-07-21,north-hill,1607.74,1350.25,1346.65,1161.17,1595.38,2026-07-08
2026-07-22,north-hill,1462.88,1466.1,1541.21,1211.59,1682.67,2026-07-08
2026-07-23,north-hill,1623.65,1515.44,1567.66,1431.29,1764.72,2026-07-08
2026-07-24,north-hill,1374.93,1584.12,1376.24,1390.57,1783.95,2026-07-08
2026-07-25,north-hill,2122.32,2045.2,1552.45,1876.69,2398.12,2026-07-08
2026-07-26,north-hill,2131.24,2070.53,1889.12,1876.44,2212.16,2026-07-08
2026-07-27,north-hill,1212.82,1291.13,1185.77,1108.84,1501.9,2026-07-08
2026-07-28,north-hill,1786.92,1426.17,1346.65,1312.92,1669.12,2026-07-08
2026-07-29,north-hill,1492.28,1483.52,1541.21,1316.92,1668.82,2026-07-08
2026-07-30,north-hill,1459.95,1512.49,1567.66,1370.15,1737.89,2026-07-08
2026-07-31,north-hill,1635.13,1522.71,1376.24,1291.97,1770.05,2026-07-08
2026-08-01,north-hill,1879.83,1958.07,1552.45,1637.58,2017.44,2026-07-08
2026-08-02,north-hill,2071.82,1990.83,1889.12,1792.28,2144.38,2026-07-08
2026-08-03,north-hill,1415.94,1262.65,1185.77,1128.03,1488.59,2026-07-08
2026-08-04,north-hill,1728.68,1627.39,1346.65,1472.91,1806.62,2026-07-08
2026-08-05,north-hill,1710.09,1948.96,1541.21,1628.99,2062.31,2026-07-08
2026-08-06,old-town,3000.46,2887.23,2572.86,2449.92,3155.6,2026-08-05
2026-08-07,old-town,2037.49,2527.05,2706.87,2237.85,3032.47,2026-08-05
2026-08-08,old-town,3019.4,3288.72,3660.95,2949.4,3375.61,2026-08-05
2026-08-09,old-town,3568.05,3381.29,3431.79,2920.55,3449.78,2026-08-05
2026-08-10,old-town,2236.31,2103.93,2045.3,1941.8,2383.39,2026-08-05
2026-08-11,old-town,2308.01,2664.7,2966.99,2363.15,2854.13,2026-08-05
2026-08-12,old-town,2396.09,2620.33,2331.24,2227.37,2628.8,2026-08-05
2026-08-13,old-town,2811.31,2421.98,2572.86,2164.24,2712.51,2026-08-05
2026-08-14,old-town,2651.33,2694.73,2706.87,2292.13,3062.09,2026-08-05
2026-08-15,old-town,4171.07,3389.43,3660.95,2975.09,3515.82,2026-08-05
2026-08-16,old-town,3536.71,3380.35,3431.79,2968.22,3473.35,2026-08-05
2026-08-17,old-town,2280.38,2098.38,2045.3,1861.17,2231.46,2026-08-05
2026-08-18,old-town,2912.6,2611.0,2966.99,2355.18,2744.16,2026-08-05
2026-08-19,old-town,2613.63,2618.94,2331.24,2227.41,2868.49,2026-08-05
2026-08-20,old-town,2407.97,2455.06,2572.86,2214.86,2757.48,2026-08-05
2026-08-21,old-town,2788.92,2657.47,2706.87,2269.8,2851.46,2026-08-05
2026-08-22,old-town,3593.83,3445.46,3660.95,2869.44,3544.79,2026-08-05
2026-08-23,old-town,3261.97,3354.53,3431.79,2988.7,3545.3,2026-08-05
2026-08-24,old-town,2215.14,2305.2,2045.3,1976.25,2512.94,2026-08-05
2026-08-25,old-town,2490.07,2654.09,2966.99,2372.29,2746.95,2026-08-05
2026-08-26,old-town,2828.88,2469.13,2331.24,2243.45,2745.64,2026-08-05
2026-08-27,old-town,2652.92,2720.51,2572.86,2235.35,2924.24,2026-08-05
2026-08-28,old-town,2804.6,2817.34,2706.87,2479.13,2995.69,2026-08-05
2026-08-29,old-town,3640.13,3390.54,3660.95,3092.07,3452.74,2026-08-05
2026-08-30,old-town,3739.86,3410.01,3431.79,3107.82,3498.69,2026-08-05
2026-08-31,old-town,2405.97,2210.03,2045.3,1932.67,2409.75,2026-08-05
2026-09-01,old-town,2483.75,2788.29,2966.99,2411.37,2988.54,2026-08-05
2026-09-02,old-town,2481.4,2725.85,2331.24,2259.36,2840.38,2026-08-05
2026-08-06,riverside,1793.12,1984.66,1742.7,1754.51,2204.66,2026-08-05
2026-08-07,riverside,2114.96,2011.96,2043.7,1641.05,2183.27,2026-08-05
2026-08-08,riverside,3189.62,2961.91,2853.11,2634.85,3226.01,2026-08-05
2026-08-09,riverside,2917.75,2953.5,2872.0,2657.58,3213.43,2026-08-05
2026-08-10,riverside,1915.7,1909.24,2023.27,1588.97,2013.83,2026-08-05
2026-08-11,riverside,1908.68,2011.04,2041.28,1641.43,2166.92,2026-08-05
2026-08-12,riverside,2052.16,2004.19,2078.53,1677.71,2160.66,2026-08-05
2026-08-13,riverside,2013.97,2004.93,1742.7,1707.62,2180.28,2026-08-05
2026-08-14,riverside,2725.03,2444.23,2043.7,2068.62,2662.09,2026-08-05
2026-08-15,riverside,3623.4,3368.35,2853.11,2989.03,4101.7,2026-08-05
2026-08-16,riverside,3738.18,3472.51,2872.0,2876.8,3930.3,2026-08-05
2026-08-17,riverside,1803.16,1860.04,2023.27,1620.22,1982.59,2026-08-05
2026-08-18,riverside,2026.46,2034.81,2041.28,1763.67,2225.04,2026-08-05
2026-08-19,riverside,2227.68,2022.25,2078.53,1632.93,2278.53,2026-08-05
2026-08-20,riverside,2193.69,2064.73,1742.7,1797.72,2276.81,2026-08-05
2026-08-21,riverside,2318.83,2136.19,2043.7,1787.72,2267.48,2026-08-05
2026-08-22,riverside,3190.35,3049.04,2853.11,2737.69,3283.53,2026-08-05
2026-08-23,riverside,3507.96,2985.66,2872.0,2712.42,3486.27,2026-08-05
2026-08-24,riverside,1842.04,2033.0,2023.27,1582.6,2153.8,2026-08-05
2026-08-25,riverside,2136.37,2074.45,2041.28,1680.9,2238.29,2026-08-05
2026-08-26,riverside,2209.17,2049.54,2078.53,1722.23,2218.6,2026-08-05
2026-08-27,riverside,2495.77,2089.44,1742.7,1705.14,2230.34,2026-08-05
2026-08-28,riverside,2151.82,2200.13,2043.7,1873.65,2358.1,2026-08-05
2026-08-29,riverside,3556.56,2947.99,2853.11,2712.85,3265.86,2026-08-05
2026-08-30,riverside,2919.69,3136.51,2872.0,2805.03,3255.23,2026-08-05
2026-08-31,riverside,1939.8,1942.15,2023.27,1588.48,1968.45,2026-08-05
2026-09-01,riverside,2503.17,2073.79,2041.28,1692.53,2246.7,2026-08-05
2026-09-02,riverside,2312.54,2091.08,2078.53,1811.73,2399.94,2026-08-05
2026-08-06,eastgate,1365.36,1314.1,1396.05,1189.94,1509.04,2026-08-05
2026-08-07,eastgate,1434.58,1400.8,1269.5,1230.41,1586.62,2026-08-05
2026-08-08,eastgate,1621.93,1569.29,1648.98,1293.08,1704.37,2026-08-05
2026-08-09,eastgate,1858.7,1541.09,1529.71,1308.85,1720.64,2026-08-05
2026-08-10,eastgate,0.0,0.0,0.0,0.0,0.0,2026-08-05
2026-08-11,eastgate,1334.14,1300.52,1110.02,1159.47,1523.48,2026-08-05
2026-08-12,eastgate,1619.82,1582.09,1210.97,1360.32,1730.77,2026-08-05
2026-08-13,eastgate,1503.54,1544.83,1396.05,1368.68,1759.96,2026-08-05
2026-08-14,eastgate,1725.68,1555.8,1269.5,1400.79,1778.34,2026-08-05
2026-08-15,eastgate,1455.08,1646.43,1648.98,1390.6,1824.28,2026-08-05
2026-08-16,eastgate,1829.66,1544.92,1529.71,1331.18,1736.17,2026-08-05
2026-08-17,eastgate,0.0,0.0,0.0,0.0,0.0,2026-08-05
2026-08-18,eastgate,1594.47,1318.88,1110.02,1146.91,1511.45,2026-08-05
2026-08-19,eastgate,1370.02,1362.59,1210.97,1183.89,1495.8,2026-08-05
2026-08-20,eastgate,1487.9,1398.48,1396.05,1198.02,1513.89,2026-08-05
2026-08-21,eastgate,1486.07,1382.29,1269.5,1239.83,1538.09,2026-08-05
2026-08-22,eastgate,1672.49,1587.31,1648.98,1368.03,1755.38,2026-08-05
2026-08-23,eastgate,1608.92,1558.97,1529.71,1331.73,1694.63,2026-08-05
2026-08-24,eastgate,0.0,0.0,0.0,0.0,0.0,2026-08-05
2026-08-25,eastgate,1430.26,1369.07,1110.02,1191.8,1536.51,2026-08-05
2026-08-26,eastgate,1320.11,1359.05,1210.97,1196.67,1486.7,2026-08-05
2026-08-27,eastgate,1390.43,1332.04,1396.05,1180.83,1484.67,2026-08-05
2026-08-28,eastgate,1451.48,1429.22,1269.5,1259.55,1510.13,2026-08-05
2026-08-29,eastgate,2027.52,1591.17,1648.98,1379.78,1787.41,2026-08-05
2026-08-30,eastgate,1698.74,1617.43,1529.71,1384.85,1788.56,2026-08-05
2026-08-31,eastgate,0.0,0.0,0.0,0.0,0.0,2026-08-05
2026-09-01,eastgate,1398.97,1428.52,1110.02,1195.09,1503.28,2026-08-05
2026-09-02,eastgate,1450.62,1394.29,1210.97,1236.28,1520.52,2026-08-05
2026-08-06,north-hill,2016.02,1976.16,1459.95,1656.14,2109.13,2026-08-05
2026-08-07,north-hill,1857.21,1718.38,1635.13,1470.79,1856.46,2026-08-05
2026-08-08,north-hill,2337.79,2153.16,1879.83,1757.95,2317.36,2026-08-05
2026-08-09,north-hill,2182.48,2139.58,2071.82,1833.18,2305.94,2026-08-05
2026-08-10,north-hill,1330.16,1328.53,1415.94,1185.37,1500.43,2026-08-05
2026-08-11,north-hill,1488.62,1536.93,1728.68,1363.76,1750.75,2026-08-05
2026-08-12,north-hill,1473.4,1486.66,1710.09,1324.52,1655.85,2026-08-05
2026-08-13,north-hill,1473.75,1571.37,1459.95,1499.33,1819.64,2026-08-05
2026-08-14,north-hill,1649.78,1606.86,1635.13,1573.25,1897.33,2026-08-05
2026-08-15,north-hill,2140.17,2260.51,1879.83,1941.87,2505.42,2026-08-05
2026-08-16,north-hill,2064.61,2057.11,2071.82,1904.46,2175.64,2026-08-05
2026-08-17,north-hill,1414.62,1392.65,1415.94,1240.35,1525.06,2026-08-05
2026-08-18,north-hill,1652.66,1541.12,1728.68,1402.6,1737.63,2026-08-05
2026-08-19,north-hill,1851.19,1500.69,1710.09,1391.63,1671.0,2026-08-05
2026-08-20,north-hill,1555.1,1572.59,1459.95,1457.27,1831.95,2026-08-05
2026-08-21,north-hill,1811.48,1583.25,1635.13,1412.05,1705.36,2026-08-05
2026-08-22,north-hill,2426.13,2250.45,1879.83,1951.91,2427.78,2026-08-05
2026-08-23,north-hill,2332.52,2188.37,2071.82,1900.09,2308.21,2026-08-05
2026-08-24,north-hill,1505.94,1413.58,1415.94,1241.78,1541.8,2026-08-05
2026-08-25,north-hill,1760.42,1575.71,1728.68,1452.43,1795.11,2026-08-05
2026-08-26,north-hill,1707.26,1584.93,1710.09,1434.88,1739.35,2026-08-05
2026-08-27,north-hill,1638.88,1529.7,1459.95,1407.1,1684.32,2026-08-05
2026-08-28,north-hill,1761.43,1635.38,1635.13,1483.31,1908.96,2026-08-05
2026-08-29,north-hill,2183.16,2154.27,1879.83,1931.09,2289.36,2026-08-05
2026-08-30,north-hill,2283.23,2318.99,2071.82,1982.66,2379.44,2026-08-05
2026-08-31,north-hill,1386.17,1380.56,1415.94,1241.39,1540.46,2026-08-05
2026-09-01,north-hill,1556.29,1618.42,1728.68,1519.3,1880.82,2026-08-05
2026-09-02,north-hill,1754.41,1638.82,1710.09,1467.98,1847.65,2026-08-05
2026-09-03,old-town,2921.05,2688.43,2652.92,2460.42,3122.06,2026-09-02
2026-09-04,old-town,2821.43,2719.07,2804.6,2293.77,2969.9,2026-09-02
2026-09-05,old-town,3350.51,3774.89,3640.13,3101.86,3970.37,2026-09-02
2026-09-06,old-town,3860.19,3698.58,3739.86,3196.52,4026.23,2026-09-02
2026-09-07,old-town,1979.52,1888.71,2405.97,1702.93,2193.17,2026-09-02
2026-09-08,old-town,2421.95,2664.76,2483.75,2491.57,2998.75,2026-09-02
2026-09-09,old-town,2769.23,2712.77,2481.4,2320.77,2932.19,2026-09-02
2026-09-10,old-town,2882.01,2806.82,2652.92,2556.35,3006.92,2026-09-02
2026-09-11,old-town,3035.28,2608.96,2804.6,2339.48,2907.87,2026-09-02
2026-09-12,old-town,3961.7,3745.03,3640.13,3185.02,4120.64,2026-09-02
2026-09-13,old-town,3407.12,3758.01,3739.86,3220.9,4178.59,2026-09-02
2026-09-14,old-town,2423.01,2418.49,2405.97,2099.18,2743.85,2026-09-02
2026-09-15,old-town,2691.76,2775.83,2483.75,2396.43,3009.88,2026-09-02
2026-09-16,old-town,2660.62,2711.19,2481.4,2310.28,2876.93,2026-09-02
2026-09-17,old-town,2950.35,2802.45,2652.92,2482.03,2973.59,2026-09-02
2026-09-18,old-town,3341.41,2930.96,2804.6,2424.56,3145.58,2026-09-02
2026-09-19,old-town,5168.11,4252.46,3640.13,3563.63,4621.85,2026-09-02
2026-09-20,old-town,4994.69,4193.72,3739.86,3405.24,4881.5,2026-09-02
2026-09-21,old-town,2802.34,2891.47,2405.97,2356.74,3279.58,2026-09-02
2026-09-22,old-town,2864.14,2813.9,2483.75,2518.18,3023.89,2026-09-02
2026-09-23,old-town,2959.84,2803.22,2481.4,2395.51,2964.51,2026-09-02
2026-09-24,old-town,2825.01,2759.85,2652.92,2401.86,2894.9,2026-09-02
2026-09-25,old-town,3058.68,2924.75,2804.6,2497.21,3044.65,2026-09-02
2026-09-26,old-town,4124.15,3871.56,3640.13,3363.21,4232.39,2026-09-02
2026-09-27,old-town,3866.72,3799.28,3739.86,3308.58,4229.76,2026-09-02
2026-09-28,old-town,2295.64,2437.11,2405.97,2102.09,2743.16,2026-09-02
2026-09-29,old-town,2737.93,2800.34,2483.75,2378.07,2964.79,2026-09-02
2026-09-30,old-town,2967.07,2790.31,2481.4,2494.16,2931.99,2026-09-02
2026-09-03,riverside,2263.08,2203.47,2495.77,1695.64,2632.94,2026-09-02
2026-09-04,riverside,2318.8,2374.33,2151.82,1911.86,2374.33,2026-09-02
2026-09-05,riverside,3418.91,3260.77,3556.56,2816.92,3609.63,2026-09-02
2026-09-06,riverside,3354.23,3287.43,2919.69,2816.22,3349.18,2026-09-02
2026-09-07,riverside,1498.25,1820.27,1939.8,1489.14,1911.25,2026-09-02
2026-09-08,riverside,2209.71,2148.82,2503.17,1773.05,2334.95,2026-09-02
2026-09-09,riverside,2296.85,2183.72,2312.54,1823.63,2390.06,2026-09-02
2026-09-10,riverside,2526.09,2562.08,2495.77,2070.4,2635.75,2026-09-02
2026-09-11,riverside,2725.7,2916.22,2151.82,2484.27,3186.49,2026-09-02
2026-09-12,riverside,3687.44,3819.97,3556.56,3198.57,4374.83,2026-09-02
2026-09-13,riverside,3570.6,3295.45,2919.69,3011.58,3441.54,2026-09-02
2026-09-14,riverside,2047.81,2062.41,1939.8,1675.27,2218.95,2026-09-02
2026-09-15,riverside,2330.39,2175.34,2503.17,1795.18,2351.03,2026-09-02
2026-09-16,riverside,2467.0,2207.29,2312.54,1913.39,2495.07,2026-09-02
2026-09-17,riverside,2314.39,2241.54,2495.77,1845.6,2321.14,2026-09-02
2026-09-18,riverside,2562.16,2399.94,2151.82,2198.8,2718.64,2026-09-02
2026-09-19,riverside,3589.13,3444.99,3556.56,2971.67,3557.23,2026-09-02
2026-09-20,riverside,3490.94,3499.25,2919.69,3082.78,3519.23,2026-09-02
2026-09-21,riverside,1914.77,2026.73,1939.8,1669.87,2194.15,2026-09-02
2026-09-22,riverside,2740.63,2167.66,2503.17,1876.19,2345.6,2026-09-02
2026-09-23,riverside,2248.17,2269.73,2312.54,1957.02,2532.34,2026-09-02
2026-09-24,riverside,2216.55,2230.77,2495.77,2001.07,2634.59,2026-09-02
2026-09-25,riverside,2604.58,2438.88,2151.82,2178.26,2527.87,2026-09-02
2026-09-26,riverside,3622.7,3595.77,3556.56,3153.26,3764.06,2026-09-02
2026-09-27,riverside,3205.36,3451.83,2919.69,3106.56,3519.93,2026-09-02
2026-09-28,riverside,2196.12,2097.52,1939.8,1738.15,2182.71,2026-09-02
2026-09-29,riverside,2335.16,2347.08,2503.17,1953.55,2629.72,2026-09-02
2026-09-30,riverside,2167.66,2259.65,2312.54,2047.4,2642.52,2026-09-02
2026-09-03,eastgate,1291.16,1404.93,1390.43,1239.26,1532.07,2026-09-02
2026-09-04,eastgate,1492.03,1521.73,1451.48,1321.68,1604.03,2026-09-02
2026-09-05,eastgate,1759.71,1829.14,2027.52,1482.5,1956.51,2026-09-02
2026-09-06,eastgate,1954.85,1754.33,1698.74,1516.31,1994.7,2026-09-02
2026-09-07,eastgate,0.0,0.0,0.0,0.0,0.0,2026-09-02
2026-09-08,eastgate,1597.51,1442.58,1398.97,1242.37,1556.33,2026-09-02
2026-09-09,eastgate,1513.84,1494.86,1450.62,1274.39,1678.64,2026-09-02
2026-09-10,eastgate,1633.23,1500.85,1390.43,1333.75,1692.72,2026-09-02
2026-09-11,eastgate,1557.26,1568.5,1451.48,1349.13,1711.41,2026-09-02
2026-09-12,eastgate,2100.45,1740.47,2027.52,1397.14,1860.04,2026-09-02
2026-09-13,eastgate,1696.12,1727.42,1698.74,1575.55,2033.69,2026-09-02
2026-09-14,eastgate,0.0,0.0,0.0,0.0,0.0,2026-09-02
2026-09-15,eastgate,1332.49,1481.27,1398.97,1324.59,1622.41,2026-09-02
2026-09-16,eastgate,1740.99,1433.95,1450.62,1320.27,1610.14,2026-09-02
2026-09-17,eastgate,1557.22,1543.94,1390.43,1335.5,1724.03,2026-09-02
2026-09-18,eastgate,1545.19,1673.31,1451.48,1423.22,1880.66,2026-09-02
2026-09-19,eastgate,1952.93,1739.72,2027.52,1487.2,1872.66,2026-09-02
2026-09-20,eastgate,1875.76,1799.65,1698.74,1570.72,1935.29,2026-09-02
2026-09-21,eastgate,0.0,0.0,0.0,0.0,0.0,2026-09-02
2026-09-22,eastgate,1315.57,1452.53,1398.97,1296.56,1591.2,2026-09-02
2026-09-23,eastgate,1450.94,1458.25,1450.62,1315.05,1621.27,2026-09-02
2026-09-24,eastgate,1432.14,1503.87,1390.43,1306.75,1644.12,2026-09-02
2026-09-25,eastgate,1383.38,1553.47,1451.48,1307.05,1694.08,2026-09-02
2026-09-26,eastgate,1949.3,1720.06,2027.52,1464.06,2046.76,2026-09-02
2026-09-27,eastgate,1767.18,1882.76,1698.74,1521.39,2013.71,2026-09-02
2026-09-28,eastgate,0.0,0.0,0.0,0.0,0.0,2026-09-02
2026-09-29,eastgate,1785.04,1552.26,1398.97,1307.48,1744.83,2026-09-02
2026-09-30,eastgate,1458.86,1501.67,1450.62,1304.09,1706.5,2026-09-02
2026-09-03,north-hill,1861.5,1848.98,1638.88,1452.29,1955.48,2026-09-02
2026-09-04,north-hill,1721.09,1785.57,1761.43,1575.81,2070.13,2026-09-02
2026-09-05,north-hill,2515.4,2315.63,2183.16,1915.55,2585.04,2026-09-02
2026-09-06,north-hill,2695.35,2629.02,2283.23,2228.56,2892.08,2026-09-02
2026-09-07,north-hill,1397.48,1374.92,1386.17,1184.07,1634.87,2026-09-02
2026-09-08,north-hill,1929.75,1887.4,1556.29,1669.5,2154.06,2026-09-02
2026-09-09,north-hill,1806.01,1630.32,1754.41,1433.66,1772.82,2026-09-02
2026-09-10,north-hill,1644.4,1677.62,1638.88,1554.04,1946.32,2026-09-02
2026-09-11,north-hill,2020.63,1680.04,1761.43,1576.87,2013.44,2026-09-02
2026-09-12,north-hill,2457.3,2343.94,2183.16,2055.55,2460.01,2026-09-02
2026-09-13,north-hill,2389.37,2325.19,2283.23,1980.16,2376.92,2026-09-02
2026-09-14,north-hill,1366.88,1424.39,1386.17,1269.02,1530.14,2026-09-02
2026-09-15,north-hill,1783.5,1663.71,1556.29,1410.41,1860.91,2026-09-02
2026-09-16,north-hill,1875.64,1692.84,1754.41,1516.41,1928.67,2026-09-02
2026-09-17,north-hill,1794.12,1661.69,1638.88,1422.18,1783.16,2026-09-02
2026-09-18,north-hill,2250.36,1762.35,1761.43,1491.69,2040.78,2026-09-02
2026-09-19,north-hill,2830.03,2355.02,2183.16,2079.47,2554.3,2026-09-02
2026-09-20,north-hill,2489.72,2450.99,2283.23,2076.59,2808.1,2026-09-02
2026-09-21,north-hill,1488.98,1457.2,1386.17,1339.05,1661.26,2026-09-02
2026-09-22,north-hill,1840.72,1705.67,1556.29,1492.19,2074.01,2026-09-02
2026-09-23,north-hill,1672.35,1717.87,1754.41,1551.45,2011.83,2026-09-02
2026-09-24,north-hill,1947.8,1682.11,1638.88,1426.9,1885.17,2026-09-02
2026-09-25,north-hill,1984.66,2008.1,1761.43,1605.07,2275.04,2026-09-02
2026-09-26,north-hill,2631.02,2424.91,2183.16,2128.74,2516.75,2026-09-02
2026-09-27,north-hill,2723.12,2516.61,2283.23,2142.56,2613.06,2026-09-02
2026-09-28,north-hill,1761.4,1440.82,1386.17,1296.31,1647.06,2026-09-02
2026-09-29,north-hill,1826.94,1708.16,1556.29,1492.89,2012.43,2026-09-02
2026-09-30,north-hill,1792.18,1785.96,1754.41,1526.95,2093.07,2026-09-02
