date,location,closed,forecast,low_80,high_80
2026-10-01,old-town,0,2942.78,2390.67,2976.04
2026-10-02,old-town,0,3100.9,2512.58,3138.05
2026-10-03,old-town,0,3912.58,3283.19,4293.28
2026-10-04,old-town,0,4010.15,3331.88,4281.12
2026-10-05,old-town,0,2349.81,2040.29,2600.64
2026-10-06,old-town,0,2778.47,2332.16,3012.87
2026-10-07,old-town,0,2870.85,2390.05,2953.5
2026-10-08,old-town,0,2969.36,2456.95,2969.36
2026-10-09,old-town,0,3198.39,2622.29,3231.19
2026-10-10,old-town,0,3996.91,3332.26,4242.14
2026-10-11,old-town,0,4017.92,3272.75,4243.1
2026-10-12,old-town,0,1929.16,1724.95,2352.32
2026-10-13,old-town,0,2916.8,2352.13,3198.72
2026-10-14,old-town,0,2901.64,2481.27,3041.11
2026-10-15,old-town,0,3100.1,2579.13,3309.51
2026-10-16,old-town,0,3312.3,2621.85,3469.83
2026-10-17,old-town,0,4072.5,3434.04,4441.27
2026-10-18,old-town,0,4016.06,3447.67,4431.05
2026-10-19,old-town,0,3101.4,2459.94,3441.48
2026-10-20,old-town,0,3329.67,2705.82,3923.86
2026-10-21,old-town,0,3339.35,2751.21,3821.63
2026-10-22,old-town,0,2975.37,2522.73,3086.58
2026-10-23,old-town,0,3236.32,2622.24,3643.98
2026-10-24,old-town,0,4131.94,3487.64,4392.34
2026-10-25,old-town,0,4123.7,3532.87,4340.96
2026-10-26,old-town,0,2525.89,2105.07,2759.41
2026-10-27,old-town,0,2889.64,2369.69,2972.46
2026-10-28,old-town,0,2963.06,2565.37,3139.87
2026-10-01,riverside,0,2401.05,1997.95,2611.77
2026-10-02,riverside,0,2575.04,2119.85,2728.93
2026-10-03,riverside,0,3683.28,3076.68,4096.63
2026-10-04,riverside,0,3688.46,3138.82,3909.34
2026-10-05,riverside,0,2085.01,1656.38,2342.26
2026-10-06,riverside,0,2381.71,2016.74,2587.22
2026-10-07,riverside,0,2379.78,2019.56,2637.8
2026-10-08,riverside,0,2435.57,2106.99,2774.82
2026-10-09,riverside,0,2723.06,2191.23,2771.89
2026-10-10,riverside,0,3630.56,3094.8,4022.34
2026-10-11,riverside,0,3608.74,3129.74,3819.45
2026-10-12,riverside,0,1688.49,1330.24,1872.48
2026-10-13,riverside,0,2289.31,2042.89,2626.2
2026-10-14,riverside,0,2348.11,2064.4,2719.96
2026-10-15,riverside,0,2584.57,2151.11,2875.82
2026-10-16,riverside,0,2765.18,2215.78,2992.44
2026-10-17,riverside,0,3766.45,3319.72,4099.96
2026-10-18,riverside,0,3648.01,3121.64,3928.2
2026-10-19,riverside,0,2349.44,1928.03,2605.49
2026-10-20,riverside,0,3018.32,2426.58,3242.1
2026-10-21,riverside,0,2869.75,2337.31,3142.4
2026-10-22,riverside,0,2438.66,2039.38,2597.59
2026-10-23,riverside,0,2778.06,2280.94,2878.63
2026-10-24,riverside,0,3809.66,3296.34,4030.52
2026-10-25,riverside,0,3687.95,3082.51,4007.59
2026-10-26,riverside,0,2073.48,1780.73,2369.29
2026-10-27,riverside,0,2455.27,2078.1,2663.94
2026-10-28,riverside,0,2375.06,1969.63,2554.41
2026-10-01,eastgate,0,1451.33,1288.07,1706.68
2026-10-02,eastgate,0,1666.56,1376.04,1984.39
2026-10-03,eastgate,0,1822.49,1565.61,2079.27
2026-10-04,eastgate,0,1855.8,1478.98,1979.31
2026-10-05,eastgate,1,0.0,0.0,0.0
2026-10-06,eastgate,0,1470.86,1310.62,1752.61
2026-10-07,eastgate,0,1472.25,1320.05,1673.87
2026-10-08,eastgate,0,1521.27,1293.41,1745.85
2026-10-09,eastgate,0,2035.84,1556.29,2178.58
2026-10-10,eastgate,0,2140.46,1804.23,2425.8
2026-10-11,eastgate,0,2223.43,1779.38,2337.86
2026-10-12,eastgate,1,0.0,0.0,0.0
2026-10-13,eastgate,0,1478.44,1286.63,1646.46
2026-10-14,eastgate,0,1607.84,1364.51,1723.94
2026-10-15,eastgate,0,1568.73,1359.93,1771.03
2026-10-16,eastgate,0,1623.78,1350.58,1777.1
2026-10-17,eastgate,0,1968.38,1702.82,2096.62
2026-10-18,eastgate,0,1925.63,1517.0,2101.64
2026-10-19,eastgate,1,0.0,0.0,0.0
2026-10-20,eastgate,0,1505.41,1285.39,1679.1
2026-10-21,eastgate,0,1530.61,1349.12,1759.55
2026-10-22,eastgate,0,1525.51,1309.95,1741.33
2026-10-23,eastgate,0,1635.6,1329.47,1817.04
2026-10-24,eastgate,0,1986.89,1668.51,2136.33
2026-10-25,eastgate,0,1947.38,1583.66,2133.26
2026-10-26,eastgate,1,0.0,0.0,0.0
2026-10-27,eastgate,0,1612.26,1324.86,1841.22
2026-10-28,eastgate,0,1572.19,1295.73,1728.71
2026-10-01,north-hill,0,1814.16,1503.08,2005.29
2026-10-02,north-hill,0,1940.95,1569.55,2227.65
2026-10-03,north-hill,0,2424.71,2125.95,2707.5
2026-10-04,north-hill,0,2486.45,2166.34,2698.52
2026-10-05,north-hill,0,1455.85,1260.6,1694.15
2026-10-06,north-hill,0,1851.66,1548.94,2109.34
2026-10-07,north-hill,0,1928.49,1507.08,2132.1
2026-10-08,north-hill,0,1818.97,1529.7,2077.57
2026-10-09,north-hill,0,2144.43,1600.82,2213.58
2026-10-10,north-hill,0,2630.91,2238.8,2787.73
2026-10-11,north-hill,0,2621.29,2265.9,2719.11
2026-10-12,north-hill,0,1283.01,1073.66,1395.93
2026-10-13,north-hill,0,1898.44,1546.7,2149.87
2026-10-14,north-hill,0,1887.64,1529.78,2104.58
2026-10-15,north-hill,0,1869.67,1486.02,2078.72
2026-10-16,north-hill,0,2177.09,1684.64,2279.02
2026-10-17,north-hill,0,2585.83,2254.62,2841.41
2026-10-18,north-hill,0,2992.08,2467.45,3156.65
2026-10-19,north-hill,0,1636.34,1576.41,1968.19
2026-10-20,north-hill,0,2150.95,1765.1,2470.73
2026-10-21,north-hill,0,1932.76,1544.45,2115.64
2026-10-22,north-hill,0,1987.1,1519.12,2127.22
2026-10-23,north-hill,0,2020.77,1706.65,2193.8
2026-10-24,north-hill,0,2847.51,2421.96,3147.37
2026-10-25,north-hill,0,2742.26,2380.13,2836.63
2026-10-26,north-hill,0,1683.11,1445.31,1912.07
2026-10-27,north-hill,0,1976.82,1532.86,2156.25
2026-10-28,north-hill,0,1954.52,1494.11,2191.03
